{
  "accuracy": 0.979372197309417,
  "precision": 0.9772727272727273,
  "recall": 0.8657718120805369,
  "f1_score": 0.9181494661921709,
  "f1": 0.9181494661921709,
  "roc_auc": 0.9845415259771839
}